{
  "project_info": {
    "project_number": "177621008863",
    "project_id": "kotlininstaclone-78f22",
    "storage_bucket": "kotlininstaclone-78f22.appspot.com"
  },
  "client": [
    {
      "client_info": {
        "mobilesdk_app_id": "1:177621008863:android:ffa140e1e2a61eea80846a",
        "android_client_info": {
          "package_name": "com.nisanurkiziltas.kotlininstagram"
        }
      },
      "oauth_client": [],
      "api_key": [
        {
          "current_key": "AIzaSyAChxi5EaAGWQt4H-uvOTHdk_BRbkAcRG0"
        }
      ],
      "services": {
        "appinvite_service": {
          "other_platform_oauth_client": []
        }
      }
    }
  ],
  "configuration_version": "1"
}